{"loss": [3.4114701747894287, 2.41176176071167, 1.7811229228973389, 1.4433039426803589, 1.238275408744812, 1.09099280834198, 0.9671532511711121, 0.875571072101593, 0.8146084547042847, 0.7337847948074341, 0.6788378953933716, 0.6374046206474304, 0.588503360748291, 0.5453617572784424, 0.5181874632835388, 0.486522376537323, 0.46945837140083313, 0.4397773742675781, 0.4218314588069916, 0.39310747385025024, 0.378996878862381, 0.36444124579429626, 0.3387795388698578, 0.3275984227657318, 0.3161172568798065, 0.3016912639141083, 0.28630533814430237, 0.28160780668258667, 0.25792309641838074, 0.2543840706348419, 0.2562536895275116, 0.24024154245853424, 0.2315298169851303, 0.22456948459148407, 0.21378745138645172, 0.2174207866191864, 0.20490847527980804, 0.1980343908071518, 0.1990949511528015, 0.19076809287071228, 0.1801900863647461, 0.1826266199350357, 0.17183327674865723, 0.1691787987947464, 0.1595863699913025, 0.15683941543102264, 0.15805523097515106, 0.15529605746269226, 0.14992251992225647, 0.14060695469379425, 0.14096364378929138, 0.13958021998405457, 0.13432785868644714, 0.13342072069644928, 0.1277291476726532, 0.1328718364238739, 0.12472309172153473, 0.1194496676325798, 0.11823327094316483, 0.11665036529302597, 0.1155943050980568, 0.11209897696971893, 0.11078176647424698, 0.10945315659046173, 0.10383951663970947, 0.10224674642086029, 0.10249081254005432, 0.09903129190206528, 0.0944943055510521, 0.0976622998714447, 0.09726196527481079, 0.09918484836816788, 0.09292634576559067, 0.08921350538730621, 0.09412629157304764, 0.0879824161529541, 0.08474255353212357, 0.0850982517004013, 0.08476562798023224, 0.08502980321645737], "accuracy": [0.11301172524690628, 0.356364905834198, 0.4972772002220154, 0.5749887824058533, 0.6277788281440735, 0.6691652536392212, 0.7050740122795105, 0.7288423180580139, 0.7473893165588379, 0.7708693742752075, 0.7875584363937378, 0.7984175682067871, 0.8161317110061646, 0.8249727487564087, 0.8370811939239502, 0.8426228165626526, 0.8516560792922974, 0.8599205613136292, 0.8675443530082703, 0.8749759793281555, 0.8812223672866821, 0.8843615651130676, 0.8928182721138, 0.8965340256690979, 0.9012428522109985, 0.9053110480308533, 0.9094112515449524, 0.9110769629478455, 0.9190851449966431, 0.919629693031311, 0.919501543045044, 0.9239541292190552, 0.9261963963508606, 0.9292715787887573, 0.9320904612541199, 0.9299442768096924, 0.9345569610595703, 0.9374399185180664, 0.9357101917266846, 0.9399705529212952, 0.9423409700393677, 0.9423089027404785, 0.9457364082336426, 0.9463770985603333, 0.9494522213935852, 0.9504452347755432, 0.9491959810256958, 0.9523672461509705, 0.9533281922340393, 0.956275224685669, 0.9559869170188904, 0.9566916227340698, 0.9567877650260925, 0.9571080803871155, 0.9605035781860352, 0.9588698744773865, 0.9603113532066345, 0.9622973799705505, 0.9622653722763062, 0.9623294472694397, 0.963226318359375, 0.9639630913734436, 0.9647318720817566, 0.9668140411376953, 0.9675828218460083, 0.9675187468528748, 0.9671663641929626, 0.9682234525680542, 0.9704977869987488, 0.9686078429222107, 0.9693446159362793, 0.9684797525405884, 0.9714587926864624, 0.9718751907348633, 0.9698250889778137, 0.9711704850196838, 0.9732846617698669, 0.9740213751792908, 0.9732846617698669, 0.973508894443512], "val_loss": [2.704040765762329, 1.5837537050247192, 1.1114450693130493, 0.9221301674842834, 0.8448151350021362, 0.6664868593215942, 0.619085431098938, 0.5609269142150879, 0.544340193271637, 0.49156007170677185, 0.46635326743125916, 0.46944141387939453, 0.40238675475120544, 0.39495664834976196, 0.35311490297317505, 0.35896801948547363, 0.3366003632545471, 0.32450997829437256, 0.312205970287323, 0.31582480669021606, 0.31180280447006226, 0.29330313205718994, 0.29140183329582214, 0.26425445079803467, 0.28001853823661804, 0.2641744613647461, 0.25563812255859375, 0.24317258596420288, 0.24727526307106018, 0.2532253563404083, 0.28189125657081604, 0.24751657247543335, 0.22129759192466736, 0.22184860706329346, 0.2308773398399353, 0.22128091752529144, 0.2243463099002838, 0.21208444237709045, 0.21475085616111755, 0.21485348045825958, 0.21420203149318695, 0.19752751290798187, 0.2064540982246399, 0.18592806160449982, 0.18480907380580902, 0.18251140415668488, 0.2191380113363266, 0.18320104479789734, 0.1902846246957779, 0.17293496429920197, 0.18077360093593597, 0.20551487803459167, 0.18475304543972015, 0.25051993131637573, 0.18040546774864197, 0.18336158990859985, 0.1713552325963974, 0.20467045903205872, 0.18015019595623016, 0.17880968749523163, 0.1911962628364563, 0.19959434866905212, 0.17244045436382294, 0.16998010873794556, 0.18442076444625854, 0.19366589188575745, 0.18932567536830902, 0.16765683889389038, 0.16654933989048004, 0.16142623126506805, 0.18435634672641754, 0.18531452119350433, 0.17174464464187622, 0.19223612546920776, 0.19089648127555847, 0.169576033949852, 0.16450512409210205, 0.17642426490783691, 0.17301787436008453, 0.1657787561416626], "val_accuracy": [0.3316666781902313, 0.5524358749389648, 0.6679487228393555, 0.7373076677322388, 0.7356410026550293, 0.8006410002708435, 0.8056410551071167, 0.8198717832565308, 0.8264102339744568, 0.8352563977241516, 0.8432051539421082, 0.8460256457328796, 0.860897421836853, 0.8656409978866577, 0.8807692527770996, 0.8789743781089783, 0.8851282000541687, 0.8926923274993896, 0.896794855594635, 0.8949999809265137, 0.8976923227310181, 0.9017948508262634, 0.9026923179626465, 0.9138461351394653, 0.9082051515579224, 0.910897433757782, 0.9123076796531677, 0.9217948913574219, 0.9221794605255127, 0.9212820529937744, 0.9124358892440796, 0.9160256385803223, 0.9241025447845459, 0.926153838634491, 0.927051305770874, 0.9265384674072266, 0.9235897660255432, 0.9306410551071167, 0.931538462638855, 0.9335897564888, 0.9306410551071167, 0.9373077154159546, 0.9356410503387451, 0.9379487037658691, 0.9410256147384644, 0.9396153688430786, 0.9370512962341309, 0.9394871592521667, 0.9391025900840759, 0.943461537361145, 0.9415384531021118, 0.9360256195068359, 0.9419230818748474, 0.9258974194526672, 0.9425641298294067, 0.9433333277702332, 0.9458974599838257, 0.9399999976158142, 0.944615364074707, 0.9449999928474426, 0.9412820339202881, 0.943461537361145, 0.9449999928474426, 0.9480769038200378, 0.9451282024383545, 0.943461537361145, 0.944615364074707, 0.9496153593063354, 0.946794867515564, 0.9537179470062256, 0.947948694229126, 0.9451282024383545, 0.9473077058792114, 0.944615364074707, 0.945641040802002, 0.9487179517745972, 0.947948694229126, 0.952179491519928, 0.9485897421836853, 0.9517948627471924]}